{
    "ModernDistributions": {
        "Ubuntu": [
            {
                "Name": "Ubuntu",
                "FriendlyName": "Ubuntu",
                "Default": true,
                "Amd64Url": {
                    "Url": "https://releases.ubuntu.com/24.04.3/ubuntu-24.04.3-wsl-amd64.wsl",
                    "Sha256": "c74833a55e525b1e99e1541509c566bb3e32bdb53bf27ea3347174364a57f47c"
                },
                "Arm64Url": {
                    "Url": "https://cdimages.ubuntu.com/releases/24.04.3/release/ubuntu-24.04.3-wsl-arm64.wsl",
                    "Sha256": "edaf375ea0d1319da08e7154e9bc64cd4eead5af21ea032f2edaa335fadf0970"
                }
            },
            {
                "Name": "Ubuntu-24.04",
                "FriendlyName": "Ubuntu 24.04 LTS",
                "Default": false,
                "Amd64Url": {
                    "Url": "https://releases.ubuntu.com/24.04.3/ubuntu-24.04.3-wsl-amd64.wsl",
                    "Sha256": "c74833a55e525b1e99e1541509c566bb3e32bdb53bf27ea3347174364a57f47c"
                },
                "Arm64Url": {
                    "Url": "https://cdimages.ubuntu.com/releases/24.04.3/release/ubuntu-24.04.3-wsl-arm64.wsl",
                    "Sha256": "edaf375ea0d1319da08e7154e9bc64cd4eead5af21ea032f2edaa335fadf0970"
                }
            }
        ],
        "openSUSE": [
            {
                "Name": "openSUSE-Tumbleweed",
                "FriendlyName": "openSUSE Tumbleweed",
                "Default": true,
                "Amd64Url": {
                    "Url": "https://github.com/openSUSE/WSL-instarball/releases/download/v20250923.0/openSUSE-Tumbleweed-20250922.x86_64-22.59-Build22.59.wsl",
                    "Sha256": "0x31124e3645d88b079469a57062af795b04922d3baacfb70c6dad2524c2bfc8c0"
                },
                "Arm64Url": {
                    "Url": "https://github.com/openSUSE/WSL-instarball/releases/download/v20250923.0/openSUSE-Tumbleweed-20250922.aarch64-22.124-Build22.124.wsl",
                    "Sha256": "0x0202195a7e03bb45e7ff95e9929b977db899ce85ccaa1195bdab4a74783e9bf7"
                }
            },
            {
                "Name": "openSUSE-Leap-16.0",
                "FriendlyName": "openSUSE Leap 16.0",
                "Default": false,
                "Amd64Url": {
                    "Url": "https://github.com/openSUSE/WSL-instarball/releases/download/v20251001.0/openSUSE-Leap-16.0-16.0.x86_64-22.57-Build22.57.wsl",
                    "Sha256": "0x0d1faa095153beee0a9b5089b0f9aa3d2aec95e2cdcffdeeff84dd54c48b8393"
                },
                "Arm64Url": {
                    "Url": "https://github.com/openSUSE/WSL-instarball/releases/download/v20251001.0/openSUSE-Leap-16.0-16.0.aarch64-22.57-Build22.57.wsl",
                    "Sha256": "0x91bcdc7e9f42d7a60a4464ad867d91243aaaecab7b3a057039f77a989daac51e"
                }
            }
        ],
        "SUSE": [
            {
                "Name": "SUSE-Linux-Enterprise-15-SP7",
                "FriendlyName": "SUSE Linux Enterprise 15 SP7",
                "Default": false,
                "Amd64Url": {
                    "Url": "https://github.com/SUSE/WSL-instarball/releases/download/v20250903.0/SUSE-Linux-Enterprise-15-SP7-15.7.x86_64-27.32-Build27.32.wsl",
                    "Sha256": "0x1e53279af609b9d67b108bc31f1318c3317338595298ef8dfbf7a5728ab8a093"
                }
            },
            {
                "Name": "SUSE-Linux-Enterprise-16.0",
                "FriendlyName": "SUSE Linux Enterprise 16.0",
                "Default": true,
                "Amd64Url": {
                    "Url": "https://github.com/SUSE/WSL-instarball/releases/download/v20251104.0/SUSE-Linux-Enterprise-16.0-16.0.x86_64-1.3-Build1.3.wsl",
                    "Sha256": "0xb91f901ba96910fa65218ef0e6aaae7b9980bd11fed63cb3507878aa8915d726"
                }
            }
        ],
        "kali": [
            {
                "Name": "kali-linux",
                "FriendlyName": "Kali Linux Rolling",
                "Default": true,
                "Amd64Url": {
                    "Url": "https://kali.download/wsl-images/kali-2025.3/kali-linux-2025.3-wsl-rootfs-amd64.wsl",
                    "Sha256": "dda0ff3ffe4465cf2af1061262e44cec5a90c1eccb71fe5ccfb1b0fceb5e23a8"
                },
                "Arm64Url": {
                    "Url": "https://kali.download/wsl-images/kali-2025.3/kali-linux-2025.3-wsl-rootfs-arm64.wsl",
                    "Sha256": "e175688d9c305b621e701bb11e54f57ac772aed7fa1d94e3f6cb812c1e5e806f"
                }
            }
        ],
        "Debian": [
            {
                "Name": "Debian",
                "FriendlyName": "Debian GNU/Linux",
                "Default": true,
                "Amd64Url": {
                    "Url": "https://salsa.debian.org/debian/WSL/-/jobs/7949331/artifacts/raw/Debian_WSL_AMD64_v1.22.0.0.wsl",
                    "Sha256": "543123ccc5f838e63dac81634fb0223dc8dcaa78fdb981387d625feb1ed168c7"
                },
                "Arm64Url": {
                    "Url": "https://salsa.debian.org/debian/WSL/-/jobs/7949331/artifacts/raw/Debian_WSL_ARM64_v1.22.0.0.wsl",
                    "Sha256": "5701f1add55f8cf3b56528109a6220ae5c89f2189d7ae97b9a4b5302b80e967c"
                }
            }
        ],
        "AlmaLinux": [
            {
                "Name": "AlmaLinux-8",
                "FriendlyName": "AlmaLinux OS 8",
                "Default": false,
                "Amd64Url": {
                    "Url": "https://github.com/AlmaLinux/wsl-images/releases/download/v8.10.20250415.0/AlmaLinux-8.10_x64_20250415.0.wsl",
                    "Sha256": "34c3bc6d3ac693968737c65db52b67f68b8c1a6f8b024450819841a967f59a3d"
                },
                "Arm64Url": {
                    "Url": "https://github.com/AlmaLinux/wsl-images/releases/download/v8.10.20250415.0/AlmaLinux-8.10_ARM64_20250415.0.wsl",
                    "Sha256": "bd34f64b4822f6f115058f79cdbba85a1560360efbec14c3d699695023f8ca19"
                }
            },
            {
                "Name": "AlmaLinux-9",
                "FriendlyName": "AlmaLinux OS 9",
                "Default": false,
                "Amd64Url": {
                    "Url": "https://github.com/AlmaLinux/wsl-images/releases/download/v9.7.20251119.0/AlmaLinux-9.7_x64_20251119.0.wsl",
                    "Sha256": "0a6588f4f723fcb3edbc37dd3e3e13be8ffe0a5027e47513e3d4d2a4451794e7"
                },
                "Arm64Url": {
                    "Url": "https://github.com/AlmaLinux/wsl-images/releases/download/v9.7.20251119.0/AlmaLinux-9.7_ARM64_20251119.0.wsl",
                    "Sha256": "b3e2632efe029a81db1ae7a914ea3b7e9e6e20d8c71c158270c331e6fea39bf8"
                }
            },
            {
                "Name": "AlmaLinux-Kitten-10",
                "FriendlyName": "AlmaLinux OS Kitten 10",
                "Default": false,
                "Amd64Url": {
                    "Url": "https://github.com/AlmaLinux/wsl-images/releases/download/v10-kitten.20251030.0/AlmaLinux-Kitten-10_x64_20251030.0.wsl",
                    "Sha256": "d765d65076b041f3a67ba60edc37d056eeab2a260aed8e077684e05b78ecd9f5"
                },
                "Arm64Url": {
                    "Url": "https://github.com/AlmaLinux/wsl-images/releases/download/v10-kitten.20251030.0/AlmaLinux-Kitten-10_ARM64_20251030.0.wsl",
                    "Sha256": "90c30b0adbf8d414c4b0a02eaeb6a5d8e488a2187a67dbaf11f4a3e843baae53"
                }
            },
            {
                "Name": "AlmaLinux-10",
                "FriendlyName": "AlmaLinux OS 10",
                "Default": true,
                "Amd64Url": {
                    "Url": "https://github.com/AlmaLinux/wsl-images/releases/download/v10.1.20251124.0/AlmaLinux-10.1_x64_20251124.0.wsl",
                    "Sha256": "24e8fa286a4081979d97e83a227fb89f332bcf731fe4b422679a3b455ab0be37"
                },
                "Arm64Url": {
                    "Url": "https://github.com/AlmaLinux/wsl-images/releases/download/v10.1.20251124.0/AlmaLinux-10.1_ARM64_20251124.0.wsl",
                    "Sha256": "20700a4467214074f8a1a3d4e0e1cad25af36b8127d047ab6d5b4a1355e998b8"
                }
            }
        ],
        "archlinux": [
            {
                "Name": "archlinux",
                "FriendlyName": "Arch Linux",
                "Default": true,
                "Amd64Url": {
                    "Url": "https://fastly.mirror.pkgbuild.com/wsl/2025.11.01.150831/archlinux-2025.11.01.150831.wsl",
                    "Sha256": "9dbac892c38c94fd22a8988eff4e072778f3f445378d33a81474a2b88cb04562"
                }
            }
        ],
        "Fedora": [
            {
                "Name": "FedoraLinux-43",
                "FriendlyName": "Fedora Linux 43",
                "Default": true,
                "Amd64Url": {
                    "Url": "https://download.fedoraproject.org/pub/fedora/linux/releases/43/Container/x86_64/images/Fedora-WSL-Base-43-1.6.x86_64.wsl",
                    "Sha256": "220780af9cf225e9645313b4c7b0457a26a38a53285eb203b2ab6188d54d5b82"
                },
                "Arm64Url": {
                    "Url": "https://download.fedoraproject.org/pub/fedora/linux/releases/43/Container/aarch64/images/Fedora-WSL-Base-43-1.6.aarch64.wsl",
                    "Sha256": "7eef7a83260218d8c878b3c7bbdaf11772103145184d0c65df27557f4cd49548"
                }
            },
            {
                "Name": "FedoraLinux-42",
                "FriendlyName": "Fedora Linux 42",
                "Default": false,
                "Amd64Url": {
                    "Url": "https://download.fedoraproject.org/pub/fedora/linux/releases/42/Container/x86_64/images/Fedora-WSL-Base-42-1.1.x86_64.tar.xz",
                    "Sha256": "99fb3d05d78ca17c6815bb03cf528da8ef82ebc6260407f2b09461e0da8a1b8d"
                },
                "Arm64Url": {
                    "Url": "https://download.fedoraproject.org/pub/fedora/linux/releases/42/Container/aarch64/images/Fedora-WSL-Base-42-1.1.aarch64.tar.xz",
                    "Sha256": "a5a2ceb8ca56b7245b909d021b0fd620427db349f02b8ef3b82b741bcb5611cd"
                }
            }
        ]
    },
    "Default": "Ubuntu",
    "Distributions": [
        {
            "Name": "Ubuntu",
            "FriendlyName": "Ubuntu",
            "StoreAppId": "9PDXGNCFSCZV",
            "Amd64": true,
            "Arm64": true,
            "Amd64PackageUrl": "https://publicwsldistros.blob.core.windows.net/wsldistrostorage/Ubuntu2204-220117.appx",
            "Arm64PackageUrl": "https://publicwsldistros.blob.core.windows.net/wsldistrostorage/Ubuntu2204-220117_ARM64.appx",
            "PackageFamilyName": "CanonicalGroupLimited.Ubuntu_79rhkp1fndgsc"
        },
        {
            "Name": "Debian",
            "FriendlyName": "Debian GNU/Linux",
            "StoreAppId": "9MSVKQC78PK6",
            "Amd64": true,
            "Arm64": true,
            "Amd64PackageUrl": "https://publicwsldistros.blob.core.windows.net/wsldistrostorage/TheDebianProject.DebianGNULinux_1.12.2.0_neutral___76v4gfsz19hv4.AppxBundle",
            "Arm64PackageUrl": "https://publicwsldistros.blob.core.windows.net/wsldistrostorage/TheDebianProject.DebianGNULinux_1.12.2.0_neutral___76v4gfsz19hv4.AppxBundle",
            "PackageFamilyName": "TheDebianProject.DebianGNULinux_76v4gfsz19hv4"
        },
        {
            "Name": "kali-linux",
            "FriendlyName": "Kali Linux Rolling",
            "StoreAppId": "9PKR34TNCV07",
            "Amd64": true,
            "Arm64": true,
            "Amd64PackageUrl": "https://publicwsldistros.blob.core.windows.net/wsldistrostorage/KaliLinux_1.13.1.0.AppxBundle",
            "Arm64PackageUrl": "https://publicwsldistros.blob.core.windows.net/wsldistrostorage/KaliLinux_1.13.1.0.AppxBundle",
            "PackageFamilyName": "KaliLinux.54290C8133FEE_ey8k8hqnwqnmg"
        },
        {
            "Name": "Ubuntu-20.04",
            "FriendlyName": "Ubuntu 20.04 LTS",
            "StoreAppId": "9MTTCL66CPXJ",
            "Amd64": true,
            "Arm64": true,
            "Amd64PackageUrl": "https://publicwsldistros.blob.core.windows.net/wsldistrostorage/Ubuntu2004-230608_x64.appx",
            "Arm64PackageUrl": "https://publicwsldistros.blob.core.windows.net/wsldistrostorage/Ubuntu2004-230608_ARM64.appx",
            "PackageFamilyName": "CanonicalGroupLimited.Ubuntu20.04LTS_79rhkp1fndgsc"
        },
        {
            "Name": "Ubuntu-22.04",
            "FriendlyName": "Ubuntu 22.04 LTS",
            "StoreAppId": "9PN20MSR04DW",
            "Amd64": true,
            "Arm64": true,
            "Amd64PackageUrl": "https://publicwsldistros.blob.core.windows.net/wsldistrostorage/Ubuntu2204LTS-230518_x64.appx",
            "Arm64PackageUrl": "https://publicwsldistros.blob.core.windows.net/wsldistrostorage/Ubuntu2204LTS-230518_ARM64.appx",
            "PackageFamilyName": "CanonicalGroupLimited.Ubuntu22.04LTS_79rhkp1fndgsc"
        },
        {
            "Name": "Ubuntu-24.04",
            "FriendlyName": "Ubuntu 24.04 LTS",
            "StoreAppId": "9NZ3KLHXDJP5",
            "Amd64": true,
            "Arm64": true,
            "Amd64PackageUrl": "https://publicwsldistros.blob.core.windows.net/wsldistrostorage/Ubuntu2404-240425.AppxBundle",
            "Arm64PackageUrl": "https://publicwsldistros.blob.core.windows.net/wsldistrostorage/Ubuntu2404-240425.AppxBundle",
            "PackageFamilyName": "CanonicalGroupLimited.Ubuntu24.04LTS_79rhkp1fndgsc"
        },
        {
            "Name": "OracleLinux_7_9",
            "FriendlyName": "Oracle Linux 7.9",
            "StoreAppId": "9P7L0QWBSLTK",
            "Amd64": true,
            "Arm64": false,
            "Amd64PackageUrl": "https://publicwsldistros.blob.core.windows.net/wsldistrostorage/OracleLinux_7.9-230428.Appx",
            "Arm64PackageUrl": null,
            "PackageFamilyName": "3810OracleAmericaInc.OracleLinux7.9_dm28ctvqnhe9g"
        },
        {
            "Name": "OracleLinux_8_10",
            "FriendlyName": "Oracle Linux 8.10",
            "StoreAppId": "9MVFWTCT78ZN",
            "Amd64": true,
            "Arm64": false,
            "Amd64PackageUrl": "https://publicwsldistros.blob.core.windows.net/wsldistrostorage/OracleLinux_8.10-250708.Appx",
            "Arm64PackageUrl": null,
            "PackageFamilyName": "3810OracleAmericaInc.OracleLinux8.10_dm28ctvqnhe9g"
        },
        {
            "Name": "OracleLinux_9_5",
            "FriendlyName": "Oracle Linux 9.5",
            "StoreAppId": "9NL3F53JZ3HX",
            "Amd64": true,
            "Arm64": false,
            "Amd64PackageUrl": "https://publicwsldistros.blob.core.windows.net/wsldistrostorage/OracleLinux_9.5-250708.Appx",
            "Arm64PackageUrl": null,
            "PackageFamilyName": "3810OracleAmericaInc.OracleLinux9.5_dm28ctvqnhe9g"
        },
        {
            "Name": "openSUSE-Leap-15.6",
            "FriendlyName": "openSUSE Leap 15.6",
            "StoreAppId": "9PDTJHBQRQPF",
            "Amd64": true,
            "Arm64": true,
            "Amd64PackageUrl": "https://publicwsldistros.blob.core.windows.net/wsldistrostorage/openSUSELeap15p6-250320_x64.Appx",
            "Arm64PackageUrl": "https://publicwsldistros.blob.core.windows.net/wsldistrostorage/openSUSELeap15p6-250320_ARM64.Appx",
            "PackageFamilyName": "46932SUSE.openSUSELeap15.6_022rs5jcyhyac"
        },
        {
            "Name": "SUSE-Linux-Enterprise-15-SP6",
            "FriendlyName": "SUSE Linux Enterprise 15 SP6",
            "StoreAppId": "9N738KZGNB91",
            "Amd64": true,
            "Arm64": false,
            "Amd64PackageUrl": "https://github.com/SUSE/WSL-instarball/releases/download/v20250618.0/SUSE-Linux-Enterprise-15-SP6-15.6-WSL.x86_64-156.3.148.0-Build3.148.appx",
            "Arm64PackageUrl": null,
            "PackageFamilyName": "46932SUSE.SUSELinuxEnterprise15SP6_022rs5jcyhyac"
        },
        {
            "Name": "openSUSE-Tumbleweed",
            "FriendlyName": "openSUSE Tumbleweed",
            "StoreAppId": "9MSSK2ZXXN11",
            "Amd64": true,
            "Arm64": true,
            "Amd64PackageUrl": "https://github.com/openSUSE/WSL-instarball/releases/download/v20250923.0/openSUSE-Tumbleweed-20250922-WSL.x86_64-25265.9.1077.0-Build9.1077.appx",
            "Arm64PackageUrl": "https://github.com/openSUSE/WSL-instarball/releases/download/v20250923.0/openSUSE-Tumbleweed-20250922-WSL.aarch64-25265.9.542.0-Build9.542.appx",
            "PackageFamilyName": "46932SUSE.openSUSETumbleweed_022rs5jcyhyac"
        }
    ]
}
